Steps,Policy/Entropy,Policy/Extrinsic Value Estimate,Environment/Episode Length,Environment/Cumulative Reward,Policy/Extrinsic Reward,Is Training
10000,1.4189383,-0.3515383,999.0,2189.531145731608,2189.531145731608,1.0
20000,1.4189383,-0.37564224,999.0,1977.9691764831543,1977.9691764831543,1.0
30000,1.4215682,-0.13912886,999.0,2521.1529888153077,2521.1529888153077,1.0
40000,1.4217243,-0.28873935,999.0,2434.090193939209,2434.090193939209,1.0
50000,1.4226608,0.69469553,999.0,2591.1420501708985,2591.1420501708985,1.0
60000,1.422769,0.81339043,999.0,2263.760669326782,2263.760669326782,1.0
70000,1.4231468,1.7014412,999.0,2572.8577494621277,2572.8577494621277,1.0
80000,1.423216,1.3500684,999.0,2259.3975681304933,2259.3975681304933,1.0
