Steps,Policy/Entropy,Policy/Extrinsic Value Estimate,Environment/Episode Length,Environment/Cumulative Reward,Policy/Extrinsic Reward,Is Training
10000,1.4189383,0.20821981,999.0,75.94680008623335,75.94680008623335,1.0
20000,1.4189383,0.27072465,999.0,45.67177276611328,45.67177276611328,1.0
30000,1.4190034,0.21709049,999.0,84.11991059780121,84.11991059780121,1.0
40000,1.4190081,0.051598392,999.0,88.34652043581009,88.34652043581009,1.0
50000,1.4191949,-0.00470109,999.0,-72.75529670715332,-72.75529670715332,1.0
60000,1.4192169,0.019432092,999.0,42.67545787096024,42.67545787096024,1.0
