Steps,Policy/Entropy,Policy/Extrinsic Value Estimate,Environment/Episode Length,Environment/Cumulative Reward,Policy/Extrinsic Reward,Is Training
10000,1.4189383,-1.5385723,999.0,4672.6327959696455,4672.6327959696455,1.0
20000,1.4189383,-1.6314319,999.0,4235.970781469345,4235.970781469345,1.0
