Steps,Policy/Entropy,Policy/Extrinsic Value Estimate,Environment/Episode Length,Environment/Cumulative Reward,Policy/Extrinsic Reward,Is Training
10000,1.4189383,0.3815711,999.0,-1273.760633468628,-1273.760633468628,1.0
20000,1.4189383,-0.007965008,999.0,-572.0681427001953,-572.0681427001953,1.0
30000,1.4192021,0.065003246,999.0,-919.567403793335,-919.567403793335,1.0
40000,1.4192194,-0.087710105,999.0,-2299.4463468551635,-2299.4463468551635,1.0
50000,1.4196094,-0.2827411,999.0,-1444.6915956497191,-1444.6915956497191,1.0
