Steps,Policy/Entropy,Policy/Extrinsic Value Estimate,Environment/Episode Length,Environment/Cumulative Reward,Policy/Extrinsic Reward,Is Training
10000,1.4189383,0.38793248,999.0,490.25913937886554,490.25913937886554,1.0
20000,1.4189383,0.25084883,999.0,631.0195928692817,631.0195928692817,1.0
30000,1.4194299,0.5024561,999.0,0.5570185899734497,0.5570185899734497,1.0
40000,1.4194642,0.53537524,999.0,0.4202695667743683,0.4202695667743683,1.0
