Steps,Policy/Entropy,Policy/Extrinsic Value Estimate,Environment/Episode Length,Environment/Cumulative Reward,Policy/Extrinsic Reward,Is Training
10000,1.4189383,-1.925388,999.0,35.539428075154625,35.539428075154625,1.0
20000,1.4189383,-1.9507523,999.0,36.16507041454315,36.16507041454315,1.0
